;Post_ID;Profile_Name;Post_Date;Caption;Nbr_of_Pics;Multiple_Post;Google_Maps_URL;Location;Nbr_of_likes;Nbr_of_comments;Is_video
334;tomorrowland_20150101204557;tomorrowland;2015-01-01 20:45:57;Live Today, Love Tomorrow, Unite Forever.;1;False;;;48527;465;False
335;tomorrowland_20150102175950;tomorrowland;2015-01-02 17:59:50;"Friends, mark the date. On Friday January 9th, Tomorrowland official Pre-registration starts.All ticket info will be available on www.tomorrowland.com.";1;False;;;23826;2190;False
336;tomorrowland_20150103184930;tomorrowland;2015-01-03 18:49:30;Never stop dreaming.;1;False;;;43686;233;False
337;tomorrowland_20150105154807;tomorrowland;2015-01-05 15:48:07;"Friends, on January 9th (4PM CET) Official Pre-Registration for Tomorrowland 2015 begins. The first 10 people from each country worldwide are guaranteed to purchase their ticket to the Madness. Make sure you will be part of the story that will be written in 2015.";1;False;;;31907;2584;False
338;tomorrowland_20150106191832;tomorrowland;2015-01-06 19:18:32;Top of the Mainstage... Filled with your warm energy.;1;False;;;36653;102;False
339;tomorrowland_20150106193601;tomorrowland;2015-01-06 19:36:01;Happy birthday @nickyromero!;1;False;;;59111;463;False
340;tomorrowland_20150107111448;tomorrowland;2015-01-07 11:14:48;Happy Birthday to you... @Hardwell;1;False;;;50087;389;False
341;tomorrowland_20150108154610;tomorrowland;2015-01-08 15:46:10;Be part of a musical journey... The Official Pre-registration for Tomorrowland 2015 starts tomorrow at 4PM CET! All ticket info will be available at www.tomorrowland.com;1;False;;;39047;384;False
342;tomorrowland_20150109151009;tomorrowland;2015-01-09 15:10:09;"Friends, the Official Pre-registration for Tomorrowland﻿ 2015 is now open: http://register.tomorrowland.com All ticket info is available at www.tomorrowland.com";1;False;;;32795;1004;False
343;tomorrowland_20150110144117;tomorrowland;2015-01-10 14:41:17;Don't forget to pre-register at www.tomorrowland.com.;1;False;;;59696;911;False
344;tomorrowland_20150112191339;tomorrowland;2015-01-12 19:13:39;You are the most colorful friends by far...;1;False;;;68214;1501;False
345;tomorrowland_20150113173612;tomorrowland;2015-01-13 17:36:12;Discover Europe, a Global Journey Travel Package: Extend your Tomorrowland experience with visits to Europe’s most incredible cities. Check out all info at www.tomorrowland.com/nl/global-journey/discover-europe;1;False;;;37643;1471;False
346;tomorrowland_20150113211051;tomorrowland;2015-01-13 21:10:51;Travel with your best friends to Tomorrowland. Check out all Global Journey travel packages at www.tomorrowland.com. #travel #Tomorrowland;1;False;;;67797;1665;False
347;tomorrowland_20150114190529;tomorrowland;2015-01-14 19:05:29;Kissed by the sun...;1;False;;;45742;237;False
348;tomorrowland_20150115153234;tomorrowland;2015-01-15 15:32:34;Global Journey Flight Packages offer you flights departing from all over the world. Discover all packages at www.tomorrowland.com/en/global-journey;1;False;;;45842;360;False
349;tomorrowland_20150116152833;tomorrowland;2015-01-16 15:28:33;One Day Of Madness - your perfect escape from reality... Check out all info: www.tomorrowland.com/nl/global-journey/node/4894One;1;False;;;24818;395;False
350;tomorrowland_20150117180625;tomorrowland;2015-01-17 18:06:25;Friends, in 1 week all Global Journey Packages will be available. Discover them all in the Global Journey : www.simulator.globaljourney2015.com/;1;False;;;40716;232;False
351;tomorrowland_20150118193800;tomorrowland;2015-01-18 19:38:00;Love Tomorrow.;1;False;;;26764;80;False
352;tomorrowland_20150119154445;tomorrowland;2015-01-19 15:44:45;With a Global Journey travel package, Tomorrowland starts at the airport.;1;False;;;40735;580;False
353;tomorrowland_20150120162007;tomorrowland;2015-01-20 16:20:07;"Discover Global Journey, the Official Tomorrowland Travel Experience… And travel within a Magical Fantasy world together with the People Of Tomorrow.Global Journey On Sale: This Saturday, January 24th at 17H CETAll info: www.tomorrowland.com";1;False;;;47988;1967;True
354;tomorrowland_20150121190401;tomorrowland;2015-01-21 19:04:01;In only 3 days all Global Journey Travel Packages will be available. Make sure to be part of this magical travel experience. Global Journey On Sale: Saturday, January 24th, 17h CET.;1;False;;;33159;934;False
355;tomorrowland_20150122150207;tomorrowland;2015-01-22 15:02:07;Within 2 days, all Global Journey packages will be on sale!;1;False;;;35849;270;False
356;tomorrowland_20150122185448;tomorrowland;2015-01-22 18:54:48;This Monday, the first artist of the 2015 melodious adventure will be announced... Are you ready?;1;False;;;30817;675;False
357;tomorrowland_20150123140209;tomorrowland;2015-01-23 14:02:09;"Friends, tomorrow all Global Journey Travel Packages will be available. Make sure to be part of this magical travel experience.Global Journey On Sale: Saturday, January 24th, 17h CET.All info: www.tomorrowland.com";1;False;;;30411;370;False
358;tomorrowland_20150124150916;tomorrowland;2015-01-24 15:09:16;In less than 1 hour, all Global Journey packages will be on sale. Registration is not necessary. http://www.tomorrowland.com/en/global-journey;1;False;;;23467;313;False
359;tomorrowland_20150124160121;tomorrowland;2015-01-24 16:01:21;All Global Journey packages are now available. Travel within a Magical Fantasy World, uniting the People of Tomorrow. http://shop.globaljourney.com/;1;False;;;25837;772;False
360;tomorrowland_20150125134810;tomorrowland;2015-01-25 13:48:10;The first artist of the 2015 melodious adventure will be announced tomorrow.;1;False;;;31871;602;False
361;tomorrowland_20150126160638;tomorrowland;2015-01-26 16:06:38;"Presenting for the first time in the history of Tomorrowland: ""The Symphony of Unity"". One musical world, where 2 genres merge... The National Orchestra of Belgium will curate a unique atmosphere, Sunday at the Opera Stage.";1;False;;;26520;310;False
362;tomorrowland_20150127143254;tomorrowland;2015-01-27 14:32:54;"Saturday the 25th of July, @Cocoon_Official will be hosting a vinyl only stage at Tomorrowland.Get ready for @Svenvaeth_Official and his musical family.";1;False;;;23489;163;False
363;tomorrowland_20150128120432;tomorrowland;2015-01-28 12:04:32;Ready to take you on a melodic adventure... Let's welcome @Avicii, Friday July 24th.;1;False;;;52619;1313;False
364;tomorrowland_20150128180454;tomorrowland;2015-01-28 18:04:54;"Redefining European House Music for a number of years…@Solomun will return to Tomorrowland on Friday, July 24th.";1;False;;;23038;245;False
365;tomorrowland_20150129120740;tomorrowland;2015-01-29 12:07:40;On Sunday the 26th of July, dance music phenomenon Hardwell will set the holy grounds on fire… Are you ready?;1;False;;;44212;913;False
366;tomorrowland_20150129190022;tomorrowland;2015-01-29 19:00:22;"A true legend will return to Tomorrowland on Saturday. Let's welcome the one and only Armin Van Buuren.Congratulations Armin, with your 700th episode of the A State Of Trance radioshow earlier today. #ASOT700";1;False;;;39386;772;False
367;tomorrowland_20150201180909;tomorrowland;2015-02-01 18:09:09;Expect musical highlights in July from the highly talented @Alesso.;1;False;;;37997;464;False
368;tomorrowland_20150201201122;tomorrowland;2015-02-01 20:11:22;@Robin__Schulz transformed from a local hero to an internationally acclaimed deep house star. Let's welcome him on Sunday the 26th of July.;1;False;;;31349;351;False
369;tomorrowland_20150202120207;tomorrowland;2015-02-02 12:02:07;Let's welcome back our Swedish friends @Axwell Λ @Ingrosso to the mythical grounds of Tomorrowland.;1;False;;;37083;644;False
370;tomorrowland_20150202170046;tomorrowland;2015-02-02 17:00:46;"The Global Journey (Travel Packages) Waiting List is now open: http://shop.globaljourney2015.com/Limited amount of Discover Europe and One Day Of Madness Packages are still available.";1;False;;;28384;378;False
371;tomorrowland_20150203120222;tomorrowland;2015-02-03 12:02:22;The love for good music is very strong in @CarlCoxOfficial. Let's give the legend a warm welcome in July.;1;False;;;29577;422;False
372;tomorrowland_20150204135655;tomorrowland;2015-02-04 13:56:55;"3 days… Are you ready? Make sure to Pre-Register for the Worldwide Ticket sale and ONLY use your personal ticket link to buy tickets. http://register.tomorrowland.com/ Check all other official ticket and travel partners at: www.tomorrowland.com/en/official-ticket-channels. Make sure you DO NOT buy any tickets from secondary or auction sites.";1;False;;;31150;1200;False
373;tomorrowland_20150204180239;tomorrowland;2015-02-04 18:02:39;Let's welcome the maestro himself: @tiesto;1;False;;;36491;493;False
374;tomorrowland_20150205154200;tomorrowland;2015-02-05 15:42:00;"Friends, in 2 days the Worldwide Ticket sale for Tomorrowland starts. After your pre-registration, you’ll be able to enter the ticket shop by using your personal link. http://register.tomorrowland.com/Discover Europe and One Day Of Madness packages are still available: http://www.tomorrowland.com/en/global-journeyDo not buy tickets or travel packages from secondary or auction sites.";1;False;;;29471;851;False
375;tomorrowland_20150205175941;tomorrowland;2015-02-05 17:59:41;"Please welcome a true friend… @davidguetta will once again write history on the holy grounds of Tomorrowland.";1;False;;;48745;1000;False
376;tomorrowland_20150206132642;tomorrowland;2015-02-06 13:26:42;Are you ready for a melodious adventure? WorldWide Ticket Sale for Tomorrowland 2015 starts tomorrow at 17h00 CET. Pre-Registration ends tomorrow at 12h00 CET.  Check your time zone and make sure to Pre-Register at http://register.tomorrowland.com/;1;False;;;29850;730;False
377;tomorrowland_20150206190950;tomorrowland;2015-02-06 19:09:50;Expect high energy and a massive set from the one and only @MartinGarrix.;1;False;;;54506;1347;False
378;tomorrowland_20150207160149;tomorrowland;2015-02-07 16:01:49;The WorldWide sale for Tomorrowland 2015 has begun. Click the link in your confirmation email to enter the shop. Do not refresh your page when you’re in the waiting-line.;1;False;;;27644;1537;False
379;tomorrowland_20150207172842;tomorrowland;2015-02-07 17:28:42;Friends, the WorldWide Ticket Sale has ended. All tickets are sold out. Your love for Tomorrowland was once again tremendous. The number of ticket requests was much higher than the amount of tickets available. You are truly the People of Tomorrow…;1;False;;;31178;1800;False
380;tomorrowland_20150209180612;tomorrowland;2015-02-09 18:06:12;Welcoming The Baron Of Techno... Dave Clarke will host the Opera stage on Sunday.  #daveclarke;1;False;;;20225;131;False
381;tomorrowland_20150210170502;tomorrowland;2015-02-10 17:05:02;Become enchanted by Tomorrowland Resident @Yves_V’s melodic magic.;1;False;;;25021;148;False
382;tomorrowland_20150211180801;tomorrowland;2015-02-11 18:08:01;@Dubfire is bringing his raw energy to Tomorrowland on Friday July 24th.;1;False;;;20616;99;False
383;tomorrowland_20150212180451;tomorrowland;2015-02-12 18:04:51;Musical earthquakes, created by Tomorrowland Residents @DimitriVegasandLikeMike.;1;False;;;40044;1076;False
384;tomorrowland_20150213180458;tomorrowland;2015-02-13 18:04:58;Rocking Tomorrowland on Friday the 24th of July... @BloodyBeetrootsofficial (SBCR DJ set).;1;False;;;23321;195;False
385;tomorrowland_20150214105957;tomorrowland;2015-02-14 10:59:57;#love;1;False;;;55290;919;False
386;tomorrowland_20150215164425;tomorrowland;2015-02-15 16:44:25;People of Tomorrow, let’s unite our strength and vote #39 for Tomorrowland and #17, #19 and #23 for @DimitriVegasandLikeMike at the IDMA’s: http://bit.ly/TMLIDMA;1;False;;;26813;136;False
387;tomorrowland_20150216160114;tomorrowland;2015-02-16 16:01:14;"Friends, behold the first phase of artists for this summer's melodious adventure. More artists will be announced soon.";1;False;;;29062;1356;False
388;tomorrowland_20150218142032;tomorrowland;2015-02-18 14:20:32;Be a light for others. #peopleoftomorrow;1;False;;;37294;122;False
389;tomorrowland_20150219121952;tomorrowland;2015-02-19 12:19:52;Chapelle Jaretelle's Sisters Of Love. #love #secret;1;False;;;32190;238;False
390;tomorrowland_20150219180607;tomorrowland;2015-02-19 18:06:07;The true power of fire.;1;False;;;31331;148;False
391;tomorrowland_20150220194449;tomorrowland;2015-02-20 19:44:49;Welcome to the Opera.;1;False;;;41808;284;False
392;tomorrowland_20150221165626;tomorrowland;2015-02-21 16:56:26;Floating art. #tomorrowland;1;False;;;52136;333;False
393;tomorrowland_20150223130920;tomorrowland;2015-02-23 13:09:20;Welcome to #DreamVille.;1;False;;;56212;1083;False
394;tomorrowland_20150224121210;tomorrowland;2015-02-24 12:12:10;#unity;1;False;;;57524;2556;False
395;tomorrowland_20150225162420;tomorrowland;2015-02-25 16:24:20;@Tiesto stepping into the fairy tale.;1;False;;;41846;211;False
396;tomorrowland_20150226130130;tomorrowland;2015-02-26 13:01:30;DreamVille candle.;1;False;;;38639;144;False
397;tomorrowland_20150226160012;tomorrowland;2015-02-26 16:00:12;"Tomorrowland presents @YVES_V's first arena concert ""Let's Unite"" at Lotto Arena, Antwerp on March 7th. Get your tickets today on livenation.be.";1;False;;;20644;92;False
398;tomorrowland_20150227153921;tomorrowland;2015-02-27 15:39:21;Madness with capital M.;1;False;;;52374;924;False
399;tomorrowland_20150228175626;tomorrowland;2015-02-28 17:56:26;Home is where the heart is.;1;False;;;41063;237;False
400;tomorrowland_20150301202409;tomorrowland;2015-03-01 20:24:09;Color burst.;1;False;;;45241;252;False
401;tomorrowland_20150302153613;tomorrowland;2015-03-02 15:36:13;Enjoy the beauty of silence...;1;False;;;43473;208;False
402;tomorrowland_20150303145701;tomorrowland;2015-03-03 14:57:01;Dancing on water at the Bonzai stage.;1;False;;;51281;652;False
403;tomorrowland_20150303201358;tomorrowland;2015-03-03 20:13:58;The Madness 5 Years ago...;1;False;;;59823;789;False
404;tomorrowland_20150304182824;tomorrowland;2015-03-04 18:28:24;This is your life.;1;False;;;33789;507;False
405;tomorrowland_20150305155612;tomorrowland;2015-03-05 15:56:12;True love on the grounds of Tomorrowland. #peopleoftomorrow;1;False;;;45191;549;False
406;tomorrowland_20150306105436;tomorrowland;2015-03-06 10:54:36;Water fun at The Garden Of Madness.;1;False;;;50938;384;False
407;tomorrowland_20150306150913;tomorrowland;2015-03-06 15:09:13;@Q_dance created a pounding atmosphere last summer.;1;False;;;53107;728;False
408;tomorrowland_20150307153219;tomorrowland;2015-03-07 15:32:19;Become one with #Nature. Love Tomorrow.;1;False;;;44513;201;False
409;tomorrowland_20150307164236;tomorrowland;2015-03-07 16:42:36;One World.;1;False;;;54850;1281;False
410;tomorrowland_20150308120431;tomorrowland;2015-03-08 12:04:31;Give it up for all female artists who dedicate their souls to music. #womensday;1;False;;;47232;219;False
411;tomorrowland_20150308192303;tomorrowland;2015-03-08 19:23:03;Lady Linn's cloudrider halo. #ladylinn #FCL;1;False;;;36925;83;False
412;tomorrowland_20150309120319;tomorrowland;2015-03-09 12:03:19;Appreciate the small things in life.;1;False;;;41414;553;False
413;tomorrowland_20150310132152;tomorrowland;2015-03-10 13:21:52;Lifetime memories.;1;False;;;39686;258;False
414;tomorrowland_20150310155927;tomorrowland;2015-03-10 15:59:27;"Check out the official video trailer for @Axwell Λ @Ingrosso's ""On My Way”.";1;False;;;22494;230;True
415;tomorrowland_20150310190135;tomorrowland;2015-03-10 19:01:35;Experience your dreams.;1;False;;;36373;194;False
416;tomorrowland_20150311143006;tomorrowland;2015-03-11 14:30:06;Down Memory Lane... Tomorrowland in 2008.;1;False;;;40669;249;False
417;tomorrowland_20150311220513;tomorrowland;2015-03-11 22:05:13;"A throwback to Tomorrowland Resident @yves_v's massive ""Let's Unite"" arena show last Saturday in Belgium.";1;False;;;42629;222;False
418;tomorrowland_20150313203350;tomorrowland;2015-03-13 20:33:50;Presenting the flagship of minimal techno at Tomorrowland. Behold the full lineup of the Minus stage on Sunday.;1;False;;;17973;159;False
419;tomorrowland_20150314143354;tomorrowland;2015-03-14 14:33:54;Warp.;1;False;;;46385;428;False
420;tomorrowland_20150316113014;tomorrowland;2015-03-16 11:30:14;Journey to your dreams...;1;False;;;50409;485;False
421;tomorrowland_20150316160017;tomorrowland;2015-03-16 16:00:17;Discover iconic sounds at the Paradise stage on Friday the 24th of July.;1;False;;;18778;139;False
422;tomorrowland_20150317124201;tomorrowland;2015-03-17 12:42:01;Sweden represent at Tomorrowland.;1;False;;;48426;863;False
423;tomorrowland_20150317184213;tomorrowland;2015-03-17 18:42:13;Bloody Beetroots fans, SBCR & Friends Volume 1 is out now on Dim Mak Records.;1;False;;;23245;215;True
424;tomorrowland_20150318142131;tomorrowland;2015-03-18 14:21:31;@SteveAoki on fire at the Mainstage.;1;False;;;46336;328;False
425;tomorrowland_20150319150223;tomorrowland;2015-03-19 15:02:23;On Saturday the 25th of July, Cocoon will host it's vinyl only stage at Tomorrowland. Check out the full lineup.;1;False;;;17619;160;False
426;tomorrowland_20150320105511;tomorrowland;2015-03-20 10:55:11;Creating Happiness since 2005.;1;False;;;43674;234;False
427;tomorrowland_20150321195149;tomorrowland;2015-03-21 19:51:49;When vibrant colors kiss the sky.;1;False;;;40357;149;False
428;tomorrowland_20150322222101;tomorrowland;2015-03-22 22:21:01;Running towards the festival area.;1;False;;;43721;287;False
429;tomorrowland_20150323150804;tomorrowland;2015-03-23 15:08:04;Prepare for the sound of the underground. House legend Derrick Carter @blucu will host his own stage on Friday.;1;False;;;17742;92;False
430;tomorrowland_20150323182636;tomorrowland;2015-03-23 18:26:36;A gaze at The Garden of Madness pool.;1;False;;;55531;577;False
431;tomorrowland_20150324170400;tomorrowland;2015-03-24 17:04:00;Bubble.;1;False;;;50408;207;False
432;tomorrowland_20150325115239;tomorrowland;2015-03-25 11:52:39;An epic moment with @ArminvanBuurenofficial.;1;False;;;45272;273;False
433;tomorrowland_20150326131641;tomorrowland;2015-03-26 13:16:41;Summer awaits...;1;False;;;60328;696;False
434;tomorrowland_20150326150650;tomorrowland;2015-03-26 15:06:50;Enjoy the deeper and darker atmosphere at the #Ketaloco stage on Saturday 25th.;1;False;;;15625;112;False
435;tomorrowland_20150326170403;tomorrowland;2015-03-26 17:04:03;A kiss... A smile... 💋 #DreamVille #TheGathering #Tomorrowland;1;False;;;38819;205;False
436;tomorrowland_20150327065525;tomorrowland;2015-03-27 06:55:25;Friends, you are the true People of Tomorrow. Thank YOU! Best Music Event Worldwide (IDMA) for the 4th time in a row… Live Today, Love Tomorrow, Unite Forever.;1;False;;;37539;361;False
437;tomorrowland_20150327140353;tomorrowland;2015-03-27 14:03:53;@Avicii generating Happiness.;1;False;;;60089;1254;False
438;tomorrowland_20150327142645;tomorrowland;2015-03-27 14:26:45;Down Memory Lane... 2011;1;False;;;60882;672;False
439;tomorrowland_20150327200039;tomorrowland;2015-03-27 20:00:39;Did you shared your love with a postcard last year at #TomorrowWorld?;1;False;;;37355;184;False
440;tomorrowland_20150327213346;tomorrowland;2015-03-27 21:33:46;Find your inner peace on the holy grounds. #TomorrowWorld;1;False;;;42776;152;False
441;tomorrowland_20150328140417;tomorrowland;2015-03-28 14:04:17;Magical creatures maintained the mythical machine that was built to spread Happiness...;1;False;;;38529;119;False
442;tomorrowland_20150329184824;tomorrowland;2015-03-29 18:48:24;Who noticed these little statues with hidden messages at Tomorrowland? #secrets;1;False;;;27763;71;False
443;tomorrowland_20150330140540;tomorrowland;2015-03-30 14:05:40;On Friday, @CarlCoxOfficial and friends will create a legendary atmosphere at the Opera stage.;1;False;;;20092;190;False
444;tomorrowland_20150330152639;tomorrowland;2015-03-30 15:26:39;Feeling surrounded by #Love and #Unity.;1;False;;;45415;271;False
445;tomorrowland_20150331112643;tomorrowland;2015-03-31 11:26:43;Enjoying the vibe at the Qult stage.;1;False;;;41936;129;False
446;tomorrowland_20150401150359;tomorrowland;2015-04-01 15:03:59;Feel the heat. Feel the beat.;1;False;;;45321;303;False
447;tomorrowland_20150402140145;tomorrowland;2015-04-02 14:01:45;@Hardwell presents the Revealed stage at Tomorrowland. Expect energetic and uplifting vibes on Saturday the 25th.;1;False;;;25122;355;False
448;tomorrowland_20150403173141;tomorrowland;2015-04-03 17:31:41;Witness pure magic.;1;False;;;47979;582;False
449;tomorrowland_20150404180652;tomorrowland;2015-04-04 18:06:52;A magical impression of the Opera.;1;False;;;62248;1394;False
450;tomorrowland_20150405180147;tomorrowland;2015-04-05 18:01:47;The sweet combination of Music and Magic.;1;False;;;30290;66;False
451;tomorrowland_20150406163649;tomorrowland;2015-04-06 16:36:49;On Saturday, @FerryCorsten is bringing uplifting trance with the Full On stage.;1;False;;;18521;151;False
452;tomorrowland_20150407160147;tomorrowland;2015-04-07 16:01:47;@DavidGuetta bringing the Happiness.;1;False;;;55625;734;False
453;tomorrowland_20150408140941;tomorrowland;2015-04-08 14:09:41;We Play House takes you to the essence of true house music on Saturday the 25th.;1;False;;;17369;60;False
454;tomorrowland_20150409142805;tomorrowland;2015-04-09 14:28:05;Armin approved.;1;False;;;43350;244;False
455;tomorrowland_20150410120643;tomorrowland;2015-04-10 12:06:43;Let's wish Tomorrowland resident @Yves_V a smashing birthday!;1;False;;;37123;86;False
456;tomorrowland_20150410142634;tomorrowland;2015-04-10 14:26:34;Kozzmozz is bringing you techno's most wanted on Saturday the 25th.;1;False;;;17036;66;False
457;tomorrowland_20150411170145;tomorrowland;2015-04-11 17:01:45;The Garden Of Madness pool.;1;False;;;51467;540;False
458;tomorrowland_20150413140407;tomorrowland;2015-04-13 14:04:07;On Friday the 24th, @SteveAoki is bringing his @DimMak crew to Tomorrowland.;1;False;;;21907;429;False
459;tomorrowland_20150414154148;tomorrowland;2015-04-14 15:41:48;Dutch legends on fire. @Hardwell @Tiesto;1;False;;;45651;272;False
460;tomorrowland_20150415155155;tomorrowland;2015-04-15 15:51:55;In today already walks tomorrow... Within 100 days, a new melodious adventure will be written on the holy grounds of Tomorrowland.;1;False;;;41318;1848;False
461;tomorrowland_20150416172207;tomorrowland;2015-04-16 17:22:07;The legendary Belgian club Café d'Anvers invites Paradise, Cocoon and MINUS this year at Tomorrowland.;1;False;;;16445;83;False
462;tomorrowland_20150417180617;tomorrowland;2015-04-17 18:06:17;@Q_dance is known for serving the harder sounds at Tomorrowland. Discover the lineup for Saturday the 25th.;1;False;;;15764;250;False
463;tomorrowland_20150417182052;tomorrowland;2015-04-17 18:20:52;On Friday the 24th, the Qult stage will provide you a raw and pure musical atmosphere.;1;False;;;16183;72;False
464;tomorrowland_20150418170416;tomorrowland;2015-04-18 17:04:16;Unity at the Opera.;1;False;;;49401;507;False
465;tomorrowland_20150419153145;tomorrowland;2015-04-19 15:31:45;Catching sunrays at DreamVille.;1;False;;;36737;160;False
466;tomorrowland_20150420140657;tomorrowland;2015-04-20 14:06:57;Experience the harder sounds at the #Pussylounge stage on Sunday.;1;False;;;17732;291;False
467;tomorrowland_20150420174646;tomorrowland;2015-04-20 17:46:46;@DimitriVegasandLikeMike released their epic anthem 'The Hum'. Grab your copy now.;1;False;;;28981;227;False
468;tomorrowland_20150421100148;tomorrowland;2015-04-21 10:01:48;The DreamVille Marketplace.;1;False;;;40784;154;False
469;tomorrowland_20150423141444;tomorrowland;2015-04-23 14:14:44;Check out the amazing lineup for Versuz on Sunday. Serving pure house music that teases the soul.;1;False;;;17702;196;False
470;tomorrowland_20150423205544;tomorrowland;2015-04-23 20:55:44;"@RomeoBlanco's new track ""We'll Be United"" is now available. Grab your copy now.";1;False;;;39456;1045;True
471;tomorrowland_20150428185642;tomorrowland;2015-04-28 18:56:42;@Hardwell creating an uplifting moment...;1;False;;;42673;327;False
472;tomorrowland_20150501152608;tomorrowland;2015-05-01 15:26:08;Yves V closed the first Gathering in Brazil… Today a beautiful day awaits! #TomorrowlandBrasil @yves_v;1;False;;;49344;389;False
473;tomorrowland_20150501191151;tomorrowland;2015-05-01 19:11:51;Brazil, are you ready to write the Third Chapter in the Book Of Wisdom?  #TomorrowlandBrasil;1;False;;;58581;875;False
474;tomorrowland_20150501201209;tomorrowland;2015-05-01 20:12:09;The Fairytale Keepers will descend on a land blessed with ancient magic and enchanted wilderness to guide you through an adventure of harmony and wonder.Welcome to The Book of Wisdom, welcome to Brazil #TomorrowlandBrasil;1;False;;;68602;1059;False
475;tomorrowland_20150501220236;tomorrowland;2015-05-01 22:02:36;Experience the Madness from Tomorrowland Brasil LIVE at www.tomorrowlandbrasil.com #TomorrowlandBrasil;1;False;;;28713;284;False
476;tomorrowland_20150502150147;tomorrowland;2015-05-02 15:01:47;Yesterday, the first day in this magical fairy tale was unforgettable. Are you ready for more? #TomorrowlandBrasil;1;False;;;65293;1015;False
477;tomorrowland_20150502173402;tomorrowland;2015-05-02 17:34:02;The People Of Tomorrow, united in Brazil… One World. #TomorrowlandBrasil;1;False;;;48965;231;False
478;tomorrowland_20150502221148;tomorrowland;2015-05-02 22:11:48;The second day of the Madness in Brazil, now live at www.tomorrowlandbrasil.com #TomorrowlandBrasil;1;False;;;28285;228;False
479;tomorrowland_20150503153518;tomorrowland;2015-05-03 15:35:18;On the final day, The Book of Wisdom will opem one last time... #TomorrowlandBrasil;1;False;;;69648;837;False
480;tomorrowland_20150503221454;tomorrowland;2015-05-03 22:14:54;The last day of the Madness, now live at www.tomorrowlandbrasil.com;1;False;;;28448;191;False
481;tomorrowland_20150508004847;tomorrowland;2015-05-08 00:48:47;1 Million Instagram friends united. Live Today, Love Tomorrow, Unite Forever. #Tomorrowland #Instagram;1;False;;;39903;231;False
482;tomorrowland_20150508194144;tomorrowland;2015-05-08 19:41:44;People of Tomorrow... Raise your flags!;1;False;;;46290;186;False
483;tomorrowland_20150510003208;tomorrowland;2015-05-10 00:32:08;Magical Sunsets at #TomorrowlandBrasil...;1;False;;;71068;765;False
484;tomorrowland_20150511200235;tomorrowland;2015-05-11 20:02:35;The Forma.T stage will present you a diversity of styles on Sunday at Tomorrowland.;1;False;;;19932;153;False
485;tomorrowland_20150512144901;tomorrowland;2015-05-12 14:49:01;Celebrating with bubbles. #DreamVille #Tomorrowland;1;False;;;41161;194;False
486;tomorrowland_20150513174650;tomorrowland;2015-05-13 17:46:50;Love is the message. #Tomorrowland;1;False;;;47803;212;False
487;tomorrowland_20150514184257;tomorrowland;2015-05-14 18:42:57;Welcome Home.... #DreamVille;1;False;;;52760;483;False
488;tomorrowland_20150515235639;tomorrowland;2015-05-15 23:56:39;Happiness.;1;False;;;48733;310;False
489;tomorrowland_20150516213153;tomorrowland;2015-05-16 21:31:53;Friends, let's all wish Tomorrowland​ resident Dimitri Vegas a happy birthday!;1;False;;;54892;316;False
490;tomorrowland_20150517185129;tomorrowland;2015-05-17 18:51:29;Last summer, @RomeoBlanco presented a high energy set on the Mainstage.;1;False;;;47686;183;False
491;tomorrowland_20150518201158;tomorrowland;2015-05-18 20:11:58;Get ready for pure summer vibes brought to you by Bakermat & Friends on Sunday.;1;False;;;21505;439;False
492;tomorrowland_20150519150501;tomorrowland;2015-05-19 15:05:01;@MartinGarrix in the right vibe.;1;False;;;57468;419;False
493;tomorrowland_20150520181006;tomorrowland;2015-05-20 18:10:06;Star Warz will bring you an arsenal of highly talented drum and bass artists on Saturday.;1;False;;;18393;96;False
494;tomorrowland_20150522120155;tomorrowland;2015-05-22 12:01:55;The future lies in your hands... #Tomorrowland;1;False;;;32232;221;False
495;tomorrowland_20150523150143;tomorrowland;2015-05-23 15:01:43;If you're into melodic, uprising trance music... The @TranceAddictcom stage will be your musical walhalla on Friday.;1;False;;;18564;234;False
496;tomorrowland_20150525104850;tomorrowland;2015-05-25 10:48:50;60 Days before the Melodious Adventure starts;1;False;;;43928;1713;False
497;tomorrowland_20150526150357;tomorrowland;2015-05-26 15:03:57;@LaidbackLuke and his superhero crew present Super You&Me on Saturday the 25th.;1;False;;;20714;418;False
498;tomorrowland_20150527124758;tomorrowland;2015-05-27 12:47:58;Secretary-General of the United Nations Ban Ki-moon shared his message for The People Of Tomorrow. This message will be eternalized on the One World Bridge at our Holy Grounds, together with all the messages from people around the world... “Let’s work as one towards dignity for all”.;1;False;;;31840;171;False
499;tomorrowland_20150529151720;tomorrowland;2015-05-29 15:17:20;On Sunday, Dave Clarke invites his friends and will generate a raw and pure techno atmosphere at the Opera stage.;1;False;;;17615;144;False
500;tomorrowland_20150530150150;tomorrowland;2015-05-30 15:01:50;Tomorrowland​ resident YVES V​ will be hosting his V Sessions​ stage on Friday.;1;False;;;19530;226;False
501;tomorrowland_20150531173411;tomorrowland;2015-05-31 17:34:11;Yellow Claw will host it's own stage at Tomorrowland this year. Prepare for legendary musical performances on Sunday.;1;False;;;18893;298;False
502;tomorrowland_20150601151331;tomorrowland;2015-06-01 15:13:31;Unite forever. #Tomorrowland #PeopleOfTomorrow;1;False;;;60688;969;False
503;tomorrowland_20150601170347;tomorrowland;2015-06-01 17:03:47;The one and only David Guetta connecting with the People of Tomorrow;1;False;;;50072;472;False
504;tomorrowland_20150602150359;tomorrowland;2015-06-02 15:03:59;Walking around in DreamVille... #DreamVille #sunset #Tomorrowland;1;False;;;61050;652;False
505;tomorrowland_20150604111140;tomorrowland;2015-06-04 11:11:40;50 Days... #Tomorrowland;1;False;;;37458;1305;False
506;tomorrowland_20150605125738;tomorrowland;2015-06-05 12:57:38;Daybreak Sessions: On Friday, Nick van de Wall will treat you on a 2,5H set at the Mainstage.;1;False;;;22281;217;False
507;tomorrowland_20150605125924;tomorrowland;2015-06-05 12:59:24;Daybreak Sessions: Martin Solveig will welcome you to Tomorrowland's mainstage with a legendary 2,5H set.;1;False;;;22466;144;False
508;tomorrowland_20150605130051;tomorrowland;2015-06-05 13:00:51;Daybreak Sessions: On Sunday, Markus Schulz will welcome you to Tomorrowland's Mainstage.;1;False;;;20665;76;False
509;tomorrowland_20150605145835;tomorrowland;2015-06-05 14:58:35;Expect powerful beats and high energy performances at the Smash The House stage.;1;False;;;19742;311;False
510;tomorrowland_20150605165649;tomorrowland;2015-06-05 16:56:49;Discover the full lineup of the Mazda Journey Island at Tomorrowland. www.BornAsRebels.com;1;False;;;17116;143;False
511;tomorrowland_20150606100612;tomorrowland;2015-06-06 10:06:12;Friends, behold the Tomorrowland 2015 Mainstage Lineup. Get ready to be part of a melodious adventure...;1;False;;;30199;2221;False
512;tomorrowland_20150608181048;tomorrowland;2015-06-08 18:10:48;The first chapter in the Book Of Wisdom was written in Belgium,  discover now the third chapter in the Official Tomorrowland Brasil​ 2015 aftermovie. #TomorrowlandBrasil;1;False;;;32055;524;False
513;tomorrowland_20150609141043;tomorrowland;2015-06-09 14:10:43;People of Tomorrow, something miraculous is about to happen. The love of the biggest gathering on the planet is about to be sent into Mexico and India. Look into the mirror and... UNITE. Info and tickets: www.Tomorrowland.com;1;False;;;21291;779;False
514;tomorrowland_20150610131129;tomorrowland;2015-06-10 13:11:29;Check out the teaser of @Axwell Ʌ @Ingrosso's official music video for #SunIsShining. Out worldwide on June 12.;1;False;;;35457;391;True
515;tomorrowland_20150611140640;tomorrowland;2015-06-11 14:06:40;The crazy atmosphere at The Gathering. #DreamVille #Tomorrowland #Gathering #Summer #Fun;1;False;;;48352;683;False
516;tomorrowland_20150612140804;tomorrowland;2015-06-12 14:08:04;Eric Prydz kicked off his #Tomorrowland performance with a 3 hours Daybreak Session last year.;1;False;;;34364;111;False
517;tomorrowland_20150613195955;tomorrowland;2015-06-13 19:59:55;Dancing at the Opera stage. #dancer #girl #techno #tomorrowland;1;False;;;48118;107;False
518;tomorrowland_20150614095725;tomorrowland;2015-06-14 09:57:25;40 Days... #Tomorrowland;1;False;;;39091;1154;False
519;tomorrowland_20150615140449;tomorrowland;2015-06-15 14:04:49;Live Today, Love Tomorrow... #Love #Tomorrowland;1;False;;;52402;629;False
520;tomorrowland_20150615145930;tomorrowland;2015-06-15 14:59:30;Full Timetable is now available. Discover all artists and get ready for the Madness… www.Tomorrowland.com;1;False;;;35324;386;False
521;tomorrowland_20150616151542;tomorrowland;2015-06-16 15:15:42;Enjoying sunrays at #DreamVille #Tomorrowland;1;False;;;40987;160;False
522;tomorrowland_20150617125731;tomorrowland;2015-06-17 12:57:31;Catching sunrays at DreamVille. #sun #tanning #DreamVille #Tomorrowland;1;False;;;44017;216;False
523;tomorrowland_20150618130931;tomorrowland;2015-06-18 13:09:31;Friends from Mexico and India, time to UNITE. On the 25th of July, you can experience a unique 3 hour live connection from the Tomorrowland Mainstage. Be part of this unique moment. Info and tickets: www.tomorrowland.com/en/unite;1;False;;;25963;694;False
524;tomorrowland_20150619093623;tomorrowland;2015-06-19 09:36:23;Tomorrowland memories.... Last year, @Diplo rocked the Mainstage.;1;False;;;53914;337;False
525;tomorrowland_20150619145317;tomorrowland;2015-06-19 14:53:17;Become enchanted by the music. #PeopleOfTomorrow;1;False;;;41551;107;False
526;tomorrowland_20150620161205;tomorrowland;2015-06-20 16:12:05;A colorful view on the DreamVille Marketplace...;1;False;;;46835;200;False
527;tomorrowland_20150622155646;tomorrowland;2015-06-22 15:56:46;Close your eyes #Tomorrowland;1;False;;;55560;587;False
528;tomorrowland_20150623151959;tomorrowland;2015-06-23 15:19:59;Friends, in just a few weeks, the magical gates to Tomorrowland will open. Organize your stay as much as possible and get your needed vouchers before you arrive at Tomorrowland. All info: www.tomorrowland.com;1;False;;;22507;264;False
529;tomorrowland_20150624102430;tomorrowland;2015-06-24 10:24:30;30 days until the Madness... #Tomorrowland;1;False;;;37818;1236;False
530;tomorrowland_20150625100418;tomorrowland;2015-06-25 10:04:18;Get ready for a brand new adventure... #Tomorrowland;1;False;;;53162;303;False
531;tomorrowland_20150626165648;tomorrowland;2015-06-26 16:56:48;Close your eyes and feel the music. #Tomorrowland #music #soul;1;False;;;49319;487;False
532;tomorrowland_20150626173213;tomorrowland;2015-06-26 17:32:13;Mainstage Madness #Tomorrowland;1;False;;;48683;410;False
533;tomorrowland_20150630110043;tomorrowland;2015-06-30 11:00:43;Enter the Secret Kingdom of Melodia... www.thekingdomofmelodia.com;1;False;;;29052;105;False
534;tomorrowland_20150702125614;tomorrowland;2015-07-02 12:56:14;Friends, these artists will kick off a melodious weekend. Discover the 2015 Lineup of The Gathering, the official opening party at DreamVille.;1;False;;;23034;452;False
535;tomorrowland_20150703095105;tomorrowland;2015-07-03 09:51:05;Last summer, @martinsolveig was stagediving at the Opera. #Tomorrowland;1;False;;;41234;398;True
536;tomorrowland_20150703121803;tomorrowland;2015-07-03 12:18:03;"""Uruguayans don't bite. We just kiss"" - #PeopleOfTomorrow";1;False;;;45300;300;False
537;tomorrowland_20150704215643;tomorrowland;2015-07-04 21:56:43;20 Days... #Tomorrowland;1;False;;;40612;1073;False
538;tomorrowland_20150707120504;tomorrowland;2015-07-07 12:05:04;Fill your heart with music and good memories...;1;False;;;46909;224;False
539;tomorrowland_20150708142423;tomorrowland;2015-07-08 14:24:23;Who has unlocked his Music Box already? #Tomorrowland;1;False;;;36474;341;False
540;tomorrowland_20150709010156;tomorrowland;2015-07-09 01:01:56;Feel one with the People of Tomorrow. #Tomorrowland #Peopleoftomorrow;1;False;;;53429;246;False
541;tomorrowland_20150709100602;tomorrowland;2015-07-09 10:06:02;Are you ready to enter DreamVille? 2 weeks to go... #Tomorrowland #DreamVille;1;False;;;51117;378;False
542;tomorrowland_20150713080223;tomorrowland;2015-07-13 08:02:23;This year a new, natural floating area will rise at Tomorrowland. Step into LEAF and dream away to paradise... LEAF by @MasterCard;1;False;;;21910;158;False
543;tomorrowland_20150713125730;tomorrowland;2015-07-13 12:57:30;This is your final chance to experience the Tomorrowland Madness in the most pleasurable way. Participate and win The Golden Ticket! More info: www.tomorrowland.com/en/GoldenTicket #Tomorrowland;1;False;;;46172;648;False
544;tomorrowland_20150714103835;tomorrowland;2015-07-14 10:38:35;10 Days... #Tomorrowland;1;False;;;45327;1541;False
545;tomorrowland_20150716122950;tomorrowland;2015-07-16 12:29:50;Tomorrowland LIVE - Experience the Madness from every corner of the world... Livestream - July 24-25-26 - www.tomorrowland.com;1;False;;;35355;617;False
546;tomorrowland_20150717095908;tomorrowland;2015-07-17 09:59:08;Only one more week until the Madness... The Mythical Frames await. #Tomorrowland;1;False;;;48015;1186;False
547;tomorrowland_20150717140653;tomorrowland;2015-07-17 14:06:53;The first People of Tomorrow, ready to discover Europe… #DiscoverEurope #GlobalJourney #RoadToTomorrowland;1;False;;;37547;296;False
548;tomorrowland_20150718161139;tomorrowland;2015-07-18 16:11:39;A wonderful picknick below the Eiffel Tower in Paris. The People of Tomorrow uniting... #DiscoverEurope #RoadToTomorrowland;1;False;;;49626;319;False
549;tomorrowland_20150718201240;tomorrowland;2015-07-18 20:12:40;Show your love for the Tomorrowland Residents and vote for @dimitrivegasandlikemike (as 1 Artist) and for @yves_v on www.smashdjmag.com/tomorrowland;1;False;;;28489;119;False
550;tomorrowland_20150719111932;tomorrowland;2015-07-19 11:19:32;In only a few days the gates to DreamVille will open... The perfect place to recharge your batteries for another day of Madness.;1;False;;;60352;479;False
551;tomorrowland_20150719142102;tomorrowland;2015-07-19 14:21:02;Share your journey to Tomorrowland with the world and use #RoadToTomorrowland;1;False;;;37573;201;False
552;tomorrowland_20150721100812;tomorrowland;2015-07-21 10:08:12;Friends, in only 3 days a brand new chapter will be written... Prepare to enter The Secret Kingdom of Melodia. #Tomorrowland;1;False;;;42308;1144;False
553;tomorrowland_20150721160941;tomorrowland;2015-07-21 16:09:41;Prepare for a melodious adventure and download or update the Official Tomorrowland app. Now Available on Android and IOS;1;False;;;23321;229;False
554;tomorrowland_20150721170146;tomorrowland;2015-07-21 17:01:46;The People of Tomorrow, uniting in Rome on their Discover Europe Trip... Preparing for a great adventure at Tomorrowland. #DiscoverEurope #RoadToTomorrowland;1;False;;;52562;338;False
555;tomorrowland_20150722101238;tomorrowland;2015-07-22 10:12:38;Stimulate all your senses and reserve one of the last extra spots in the B-EAT Restaurant: www.tomorrowland.com/en/b-eat;1;False;;;23958;86;False
556;tomorrowland_20150723070852;tomorrowland;2015-07-23 07:08:52;Friends, tomorrow The Secret Kingdom of Melodia will open its gates. Get ready for a Melodious Adventure… #Tomorrowland;1;False;;;39814;255;False
557;tomorrowland_20150723100342;tomorrowland;2015-07-23 10:03:42;Tomorrow... Music Will Unite Us;1;False;;;46375;1250;False
558;tomorrowland_20150723145151;tomorrowland;2015-07-23 14:51:51;The Musical Journey has begun… DreamVille will give you a warm welcome for a magical weekend. #RoadToTomorrowland;1;False;;;46076;514;False
559;tomorrowland_20150723164650;tomorrowland;2015-07-23 16:46:50;Welcome Home...;1;False;;;50357;995;False
560;tomorrowland_20150723171326;tomorrowland;2015-07-23 17:13:26;The People of Tomorrow gathering in Brussels... #RoadToTomorrowland;1;False;;;46389;508;False
561;tomorrowland_20150723175651;tomorrowland;2015-07-23 17:56:51;TomorrowlandLIVE - Experience Tomorrowland on a 4 Channel Live Stream. Tune in tomorrow from 19h CET at live.tomorrowland.com;1;False;;;24085;234;False
562;tomorrowland_20150723202737;tomorrowland;2015-07-23 20:27:37;The Gathering, the official warm-up for Tomorrowland. Who's ready for more Madness?;1;False;;;49277;2200;True
563;tomorrowland_20150724001443;tomorrowland;2015-07-24 00:14:43;Have a good night rest and be ready for the first day of this new tale…#Tomorrowland;1;False;;;51864;377;False
564;tomorrowland_20150724092645;tomorrowland;2015-07-24 09:26:45;Dreams do come true…;1;False;;;55110;551;False
565;tomorrowland_20150724121145;tomorrowland;2015-07-24 12:11:45;People of Tomorrow, enter The Secret Kingdom of Melodia…;1;False;;;64208;1363;False
566;tomorrowland_20150724134601;tomorrowland;2015-07-24 13:46:01;Tune in NOW and discover #Tomorrowland Radio. LIVE from the holy grounds on www.tomorrowland.com;1;False;;;37608;171;False
567;tomorrowland_20150724141655;tomorrowland;2015-07-24 14:16:55;Experience the Magic LIVE on a multi-channel player. Tune in tonight at 19h and don't miss a single beat. All info: www.tomorrowland.com #TomorrowlandLIVE;1;False;;;33219;683;False
568;tomorrowland_20150724171550;tomorrowland;2015-07-24 17:15:50;TomorrowlandLIVE: Tune in NOW at www.tomorrowland.com #TomorrowlandLIVE;1;False;;;35389;206;False
569;tomorrowland_20150724174337;tomorrowland;2015-07-24 17:43:37;People Of Tomorrow... You have been granted access to the beautiful Kingdom of Melodia. #Tomorrowland;1;False;;;76563;4030;True
570;tomorrowland_20150724195155;tomorrowland;2015-07-24 19:51:55;@avicii is taking over the Tomorrowland Mainstage at 22h45 CET. Tune in to watch his full set live: www.tomorrowland.com ‪#TomorrowlandLIVE‬;1;False;;;40909;406;False
571;tomorrowland_20150724214812;tomorrowland;2015-07-24 21:48:12;@avicii taking the People of Tomorrow on a melodious adventure… Discover more at: www.tomorrowland.com #TomorrowlandLIVE;1;False;;;82283;1540;False
572;tomorrowland_20150724233524;tomorrowland;2015-07-24 23:35:24;The first magical day has come to an end… Watch the rebroadcast at www.Tomorrowland.com and prepare for more Madness tomorrow.;1;False;;;91832;2571;False
573;tomorrowland_20150725073152;tomorrowland;2015-07-25 07:31:52;Good morning People of Tomorrow. Rise and shine for another wonderful day at Tomorrowland.;1;False;;;59175;333;False
574;tomorrowland_20150725120145;tomorrowland;2015-07-25 12:01:45;Today, Star Chef @rogervandamme will take over the Official Tomorrowland Instagram account. Prepare for a delicious journey...;1;False;;;26368;46;False
575;tomorrowland_20150725130714;tomorrowland;2015-07-25 13:07:14;Today at 19h CET you can experience the Magic live at www.tomorrowland.com #TomorrowlandLIVE;1;False;;;35903;836;False
576;tomorrowland_20150725153141;tomorrowland;2015-07-25 15:31:41;The harbour house at #Tomorrowland ...;1;False;;;69300;493;False
577;tomorrowland_20150725165750;tomorrowland;2015-07-25 16:57:50;@rogervandamme Instagram takeover: Just met some People of Tomorrow from Australia for a healthy snack. Fresh fruit salade and a cold smoothie. #Tomorrowland #TastesOfTheWorld;1;False;;;30224;44;False
578;tomorrowland_20150725170022;tomorrowland;2015-07-25 17:00:22;Now LIVE the first Chapter in The Secret Kingdom of Melodia. Discover more: www.tomorrowland.com Apps available on IOS and Android;1;False;;;29689;78;False
579;tomorrowland_20150725170529;tomorrowland;2015-07-25 17:05:29;@rogervandamme Instagram takeover: went to visit my friends in the secret restaurant inside the mainstage. Wonderful and delicious experience. #TastesOfTheWorld;1;False;;;26386;36;False
580;tomorrowland_20150725171956;tomorrowland;2015-07-25 17:19:56;@rogervandamme Instagram takeover: some fresh and delicious pizza for the People of Tomorrow. #TastesOfTheWorld;1;False;;;34014;120;False
581;tomorrowland_20150725173241;tomorrowland;2015-07-25 17:32:41;@rogervandamme Instagram takeover: sharing some meat and dessert with @arminvanbuurenofficial and @yves_v #TastesOfTheWorld;1;False;;;34136;53;False
582;tomorrowland_20150725173249;tomorrowland;2015-07-25 17:32:49;Tomorrowland Resident @yves_v giving his love to the People of Tomorrow. Watch now LIVE at: www.tomorrowland.com #TomorrowlandLIVE;1;False;;;25806;55;False
583;tomorrowland_20150725180517;tomorrowland;2015-07-25 18:05:17;Day 2 in all its glory... #Tomorrowland;1;False;;;47336;114;False
584;tomorrowland_20150725182305;tomorrowland;2015-07-25 18:23:05;@rogervandamme Instagram takeover: My last one for today... Preparing some delicious food for the B-EAT restaurant. #TastesOfTheWorld;1;False;;;30964;25;False
585;tomorrowland_20150725182419;tomorrowland;2015-07-25 18:24:19;Tomorrowland Resident @yves_v ...Discover more at: www.tomorrowland.com #TomorrowlandLIVE;1;False;;;41616;820;True
586;tomorrowland_20150725205028;tomorrowland;2015-07-25 20:50:28;"@arminvanbuurenofficial and @jeanmicheljarre just debuted their brand new track ""Stardust"" LIVE at Tomorrowland. #TomorrowlandLIVE";1;False;;;44541;743;True
587;tomorrowland_20150725205938;tomorrowland;2015-07-25 20:59:38;Now Live from the Secret Kingdom of Melodia, Tomorrowland residents Dimitri Vegas & Like Mike. Tune in: www.tomorrowland.com #TomorrowlandLIVE;1;False;;;39841;269;False
588;tomorrowland_20150725215558;tomorrowland;2015-07-25 21:55:58;Tomorrowland residents @dimitrivegasandlikemike taking the People of Tomorrow to a Higher Place. #TomorrowlandLIVE;1;False;;;67371;3231;True
589;tomorrowland_20150725235919;tomorrowland;2015-07-25 23:59:19;Today was a beautiful day... Thank you for your energy. #Tomorrowland;1;False;;;74563;305;False
590;tomorrowland_20150726092204;tomorrowland;2015-07-26 09:22:04;The last day of this magical fairy tale... Give all your energy! #Tomorrowland;1;False;;;87639;965;False
591;tomorrowland_20150726102234;tomorrowland;2015-07-26 10:22:34;UPDATE: The Symphony of Unity will start at 14h at The Opera Stage. Start the last day of the fairy tale with a melodious adventure...;1;False;;;29311;56;False
592;tomorrowland_20150726114159;tomorrowland;2015-07-26 11:41:59;Experience the last day of the first Chapter in The Secret Kingdom of Melodia, LIVE from the holy grounds. Starting at 19h CET. Tune in NOW and discover Tomorrowland Radio: www.tomorrowland.com #TomorrowlandLIVE;1;False;;;36288;567;False
593;tomorrowland_20150726135857;tomorrowland;2015-07-26 13:58:57;The Symphony of Unity... Music will Unite us. #Tomorrowland;1;False;;;86310;1487;False
594;tomorrowland_20150726142415;tomorrowland;2015-07-26 14:24:15;Live Today... Tomorrowland day 3 in full effect. #Tomorrowland;1;False;;;45502;454;True
595;tomorrowland_20150726143301;tomorrowland;2015-07-26 14:33:01;Dancing on water... Only at #Tomorrowland;1;False;;;59377;137;False
596;tomorrowland_20150726150104;tomorrowland;2015-07-26 15:01:04;@RavingGeorge wants you to unfasten your seatbelts and start living. #Tomorrowland;1;False;;;44751;568;True
597;tomorrowland_20150726161219;tomorrowland;2015-07-26 16:12:19;Love Tomorrow… #Tomorrowland;1;False;;;76397;494;False
598;tomorrowland_20150726170018;tomorrowland;2015-07-26 17:00:18;Tune in now and follow the last day of the fairy tale live… www.tomorrowland.com #TomorrowlandLIVE;1;False;;;37605;133;False
599;tomorrowland_20150726182930;tomorrowland;2015-07-26 18:29:30;The Nervo sisters entering the Secret Kingdom of Melodia... #Tomorrowland;1;False;;;81651;667;False
600;tomorrowland_20150726190148;tomorrowland;2015-07-26 19:01:48;@dillonfrancis going wild at the Barong Family stage #Tomorrowland;1;False;;;43163;389;True
601;tomorrowland_20150726195027;tomorrowland;2015-07-26 19:50:27;The one and only @hardwell showing his love for the People of Tomorrow... Now LIVE from the holy grounds #TomorrowlandLIVE;1;False;;;66697;2047;True
602;tomorrowland_20150726211604;tomorrowland;2015-07-26 21:16:04;Only true legends can set the Mainstage on fire... @tiesto and @officialdondiablo #TomorrowlandLIVE;1;False;;;60697;1237;True
603;tomorrowland_20150726220227;tomorrowland;2015-07-26 22:02:27;People of Tomorrow, we wrote History together... #Tomorrowland;1;False;;;53834;472;False
604;tomorrowland_20150727115149;tomorrowland;2015-07-27 11:51:49;3 Are Legend closing a memorable edition of Tomorrowland. @dimitrivegasandlikemike @steveaoki #Tomorrowland;1;False;;;82710;506;False
605;tomorrowland_20150728122444;tomorrowland;2015-07-28 12:24:44;That moment @afrojack pushed the button... #Tomorrowland;1;False;;;77952;685;False
606;tomorrowland_20150729122608;tomorrowland;2015-07-29 12:26:08;A beautiful symphony at the end of a glorious day… #Tomorrowland;1;False;;;73219;551;False
607;tomorrowland_20150731133000;tomorrowland;2015-07-31 13:30:00;The sun was shining and so were you... Axwell Λ Ingrosso setting the Mainstage on fire. #Tomorrowland;1;False;;;84287;5594;True
608;tomorrowland_20150803171129;tomorrowland;2015-08-03 17:11:29;The Harbour House at Tomorrowland... #Tomorrowland;1;False;;;80045;423;False
609;tomorrowland_20150805171300;tomorrowland;2015-08-05 17:13:00;Journey back to The Secret Kingdom of Melodia... #Tomorrowland;1;False;;;89621;948;False
610;tomorrowland_20150810144742;tomorrowland;2015-08-10 14:47:42;One of techno's biggest legends hosted his own stage on Friday. @carlcoxofficial full liveset is out now on youtube.com/Tomorrowland;1;False;;;39477;714;True
611;tomorrowland_20150811110053;tomorrowland;2015-08-11 11:00:53;Follow the lights in life... #Tomorrowland;1;False;;;60885;161;False
612;tomorrowland_20150812132201;tomorrowland;2015-08-12 13:22:01;@Afrojack created majestic memories at the Secret Kingdom of Melodia... His Full Live Set is now available on Youtube.com/Tomorrowland;1;False;;;62519;1453;True
613;tomorrowland_20150813134951;tomorrowland;2015-08-13 13:49:51;The Bookstage at Tomorrowland... Where all your dreams become reality. #Tomorrowland #bookstage #books #dreams #cocoon #paradise #minus #techno #underground #house #music;1;False;;;66894;379;False
614;tomorrowland_20150814100824;tomorrowland;2015-08-14 10:08:24;@romeoblanco turning up the love at the mainstage. Watch his full set on youtube.com/tomorrowland;1;False;;;61446;1720;True
615;tomorrowland_20150815115540;tomorrowland;2015-08-15 11:55:40;Sweet memories remain... Experience the full liveset of @Axwell Ʌ @Ingrosso now on youtube.com/Tomorrowland #Tomorrowland;1;False;;;59513;1964;True
616;tomorrowland_20150817124203;tomorrowland;2015-08-17 12:42:03;Real beauty is not about what the eye can see, but what the heart can feel. #beauty #emotions #music #Tomorrowland #Peopleoftomorrow;1;False;;;58877;209;False
617;tomorrowland_20150817143302;tomorrowland;2015-08-17 14:33:02;Relive the beautiful vibe with Paul Kalkbrenner at the Opera stage. Check out the full set on youtube.com/Tomorrowland. #Tomorrowland #PaulKalkbrenner;1;False;;;39216;525;True
618;tomorrowland_20150818133013;tomorrowland;2015-08-18 13:30:13;Yves V sharing his love for music with YOU, the People of Tomorrow. Show your love for the Tomorrowland residents @yves_v and @dimitrivegasandlikemike on www.smashdjmag.com #music #Tomorrowland #Melodia #Peopleoftomorrow;1;False;;;58674;198;False
619;tomorrowland_20150819134305;tomorrowland;2015-08-19 13:43:05;Serving minimal techno at the MINUS stage... @RichieHawtin #Tomorrowland #techno #minimal #minus;1;False;;;36733;83;False
620;tomorrowland_20150819175647;tomorrowland;2015-08-19 17:56:47;A thousand hearts sharing one heartbeat... #Peopleoftomorrow #Tomorrowland #DreamVille;1;False;;;43466;173;False
621;tomorrowland_20150820122433;tomorrowland;2015-08-20 12:24:33;@martinsolveig transformed into a true superhero at the Opera on Saturday. Watch his full set on youtube.com/tomorrowland #Tomorrowland;1;False;;;45042;718;True
622;tomorrowland_20150821200157;tomorrowland;2015-08-21 20:01:57;One of the most energetic places to start Tomorrowland: The Gathering. #Tomorrowland #DreamVille #TheGathering;1;False;;;55498;269;False
623;tomorrowland_20150822161035;tomorrowland;2015-08-22 16:10:35;The LEAF stage as seen from above... #Tomorrowland;1;False;;;80654;701;False
624;tomorrowland_20150824120800;tomorrowland;2015-08-24 12:08:00;A small stage with a grand experience. The Rave Cave. #Tomorrowland #Ravecave;1;False;;;57471;588;False
625;tomorrowland_20150824152133;tomorrowland;2015-08-24 15:21:33;The king of Melodia welcoming you to his melodious land. #Tomorrowland #Melodia;1;False;;;49426;129;False
626;tomorrowland_20150825120709;tomorrowland;2015-08-25 12:07:09;Capture the most mesmerizing moments. #castle #Melodia #Tomorrowland;1;False;;;64053;313;False
627;tomorrowland_20150826095843;tomorrowland;2015-08-26 09:58:43;Tea time at Tomorrowland. 🍵🍃;1;False;;;45556;131;False
628;tomorrowland_20150826182132;tomorrowland;2015-08-26 18:21:32;#bubbles #play #wind #opera #tomorrowland;1;False;;;50676;189;False
629;tomorrowland_20150827103020;tomorrowland;2015-08-27 10:30:20;@jamiejonesmusic taking you on a deep journey with his Paradise stage at #Tomorrowland. Relive his full liveset at youtube.com/tomorrowland and be sure to catch him at @TomorrowWorld;1;False;;;37550;768;True
630;tomorrowland_20150828160824;tomorrowland;2015-08-28 16:08:24;Magic hour at the Opera. #Tomorrowland;1;False;;;55937;259;False
631;tomorrowland_20150829105559;tomorrowland;2015-08-29 10:55:59;Welcome to Chapelle Jaretelle #Love #Passion #Tomorrowland;1;False;;;39702;133;False
632;tomorrowland_20150902111842;tomorrowland;2015-09-02 11:18:42;Tomorrowland resident Yves V teamed up with Laidback Luke and Blasterjaxx for a Superheroes performance at Tomorrowland. Don't forget to show your love for the Tomorrowland Residents @yves_v and @dimitrivegasandlikemike at www.smashdjmag.com;1;False;;;46482;893;True
633;tomorrowland_20150903112702;tomorrowland;2015-09-03 11:27:02;Melodia... #Tomorrowland;1;False;;;62116;308;False
634;tomorrowland_20150903133451;tomorrowland;2015-09-03 13:34:51;Show your support for Tomorrowland Residents @dimitrivegasandlikemike and @yvesv: www.smashdjmag.com;1;False;;;50850;2265;True
635;tomorrowland_20150904181142;tomorrowland;2015-09-04 18:11:42;Who's ready for the second chapter of The Key To Happiness at @TomorrowWorld?;1;False;;;53153;347;False
636;tomorrowland_20150904215855;tomorrowland;2015-09-04 21:58:55;"""We Are One World"" #tomorrowland #peopleoftomorrow";1;False;;;45217;77;False
637;tomorrowland_20150906190516;tomorrowland;2015-09-06 19:05:16;#Fairy #Tomorrowland;1;False;;;38238;101;False
638;tomorrowland_20150907140827;tomorrowland;2015-09-07 14:08:27;Music is what binds us... #Tomorrowland #music;1;False;;;61222;246;False
639;tomorrowland_20150908163510;tomorrowland;2015-09-08 16:35:10;Kissed by the sun... #Tomorrowland #kiss;1;False;;;46328;68;False
640;tomorrowland_20150909133835;tomorrowland;2015-09-09 13:38:35;The Harbour House at magic hour. #Tomorrowland;1;False;;;61291;279;False
641;tomorrowland_20150910143223;tomorrowland;2015-09-10 14:32:23;Cocoon dancers. #Tomorrowland #Cocoon #dance;1;False;;;52132;155;False
642;tomorrowland_20150911150716;tomorrowland;2015-09-11 15:07:16;In just two weeks, the People of Tomorrow gather at the mythical grounds of Chattahoochee Hills for @TomorrowWorld. Tickets & Info: www.tomorrowworld.com;1;False;;;58283;234;False
643;tomorrowland_20150912130330;tomorrowland;2015-09-12 13:03:30;The People of Tomorrow - always connected by music.;1;False;;;60462;162;False
644;tomorrowland_20150913181040;tomorrowland;2015-09-13 18:10:40;Melodia... #Tomorrowland;1;False;;;45040;59;False
645;tomorrowland_20150913210517;tomorrowland;2015-09-13 21:05:17;Superheroes are amongst us. #peopleoftomorrow;1;False;;;43397;95;False
646;tomorrowland_20150915202622;tomorrowland;2015-09-15 20:26:22;People of Tomorrow, the 2015 Official Aftermovie is out now. Check Youtube.com/tomorrowland;1;False;;;47886;1789;False
647;tomorrowland_20150916104751;tomorrowland;2015-09-16 10:47:51;The Symphony of Unity... Music from the source.;1;False;;;45447;81;False
648;tomorrowland_20150917100531;tomorrowland;2015-09-17 10:05:31;Never stop dreaming.;1;False;;;46804;240;False
649;tomorrowland_20150917171636;tomorrowland;2015-09-17 17:16:36;Green Velvet serving extraterrestial techno at the Opera.;1;False;;;41344;210;False
650;tomorrowland_20150919172701;tomorrowland;2015-09-19 17:27:01;Spread color over the world.;1;False;;;42795;110;False
651;tomorrowland_20150919195603;tomorrowland;2015-09-19 19:56:03;Mutual respect between Cajmere and Richy Ahmed at the Paradise stage.;1;False;;;47560;53;False
652;tomorrowland_20150920185101;tomorrowland;2015-09-20 18:51:01;Live Today, Love Tomorrow, Unite Forever. #Tomorrowland #peopleoftomorrow #love;1;False;;;52817;322;False
653;tomorrowland_20150921140901;tomorrowland;2015-09-21 14:09:01;"Tomorrowland will open a unique concept Boutique in Antwerp. From October 3rd till January 3rd you can discover the official new fashion collection, exclusive items, a history room and much more. All info: www.tomorrowland.com/Boutique.The Tomorrowland Boutique will be opened by and for the People Of Tomorrow. You can be part of it. Check the official website for contest details and win a trip to Belgium to open the Tomorrowland Boutique, including a @flyingbrussels flight and 2 nights in an exclusive hotel.";1;False;;;28076;249;False
654;tomorrowland_20150922130520;tomorrowland;2015-09-22 13:05:20;The One World bridge being walked by the People Of Tomorrow...;1;False;;;66688;568;False
655;tomorrowland_20150924230355;tomorrowland;2015-09-24 23:03:55;Tune in tomorrow to witness the Madness LIVE from @TomorrowWorld. All info: www.tomorrowland.com;1;False;;;30897;371;False
656;tomorrowland_20150925060204;tomorrowland;2015-09-25 06:02:04;@Yves_v at The Gathering - Live from @TomorrowWorld;1;False;;;47204;121;False
657;tomorrowland_20150925190028;tomorrowland;2015-09-25 19:00:28;People of Tomorrow… A magical day awaits. Discover more at www.tomorrowland.com;1;False;;;49480;167;False
658;tomorrowland_20150925214716;tomorrowland;2015-09-25 21:47:16;Chapter II in the Key To Happiness is being written at @TomorrowWorld....;1;False;;;51843;357;False
659;tomorrowland_20150925231323;tomorrowland;2015-09-25 23:13:23;The Madness from @TomorrowWorld, now LIVE at www.tomorrowland.com #TomorrowWorldLIVE;1;False;;;32267;108;False
660;tomorrowland_20150926022906;tomorrowland;2015-09-26 02:29:06;The @TomorrowWorld Mainstage on fire with @SteveAngelo...;1;False;;;61705;528;False
661;tomorrowland_20150926065348;tomorrowland;2015-09-26 06:53:48;Day 1 of The Magical Fairy Tale at @tomorrowworld was unforgettable. Are you ready for more?;1;False;;;71609;699;False
662;tomorrowland_20150926210458;tomorrowland;2015-09-26 21:04:58;United at @TomorrowWorld...;1;False;;;61855;660;False
663;tomorrowland_20150926230220;tomorrowland;2015-09-26 23:02:20;Now LIVE from @TomorrowWorld... Chapter II in The Key To Happiness. Discover it at www.tomorrowland.com #TomorrowWorldLIVE;1;False;;;30915;90;False
664;tomorrowland_20150927002816;tomorrowland;2015-09-27 00:28:16;Magical beats with @yves_v at #TomorrowWorld​.;1;False;;;39365;247;True
665;tomorrowland_20150927034832;tomorrowland;2015-09-27 03:48:32;Tomorrowland Residents @DimitriVegasandLikeMike taking it to a higher place with @Neyo...;1;False;;;50602;1465;True
666;tomorrowland_20150927230804;tomorrowland;2015-09-27 23:08:04;Follow @TomorrowWorld NOW LIVE: www.tomorrowland.com;1;False;;;27961;213;False
667;tomorrowland_20150928020936;tomorrowland;2015-09-28 02:09:36;Now LIVE from @TomorrowWorld... @DavidGuetta. Discover more: www.tomorrowland.com;1;False;;;38864;225;False
668;tomorrowland_20151002125504;tomorrowland;2015-10-02 12:55:04;"Discover the brand new TML FW1516 Fashion Collection, designed in Antwerp for the People of Tomorrow, and some limited edition collectors’ items. Get a fashionable cocktail at the bar and go down memory lane in the Tomorrowland History Room. www.tomorrowland.com/boutiqueThe Tomorrowland Boutique, in the pounding heart of the fashion district of Antwerp, the capital of fashion in Belgium. This unique concept store is open for only 3 months. Make sure to visit this magical experience. Discover the Tomorrowland fashion collection at the Tomorrowland Boutique or shop online --> Click link in bio. #Tomorrowland #TomorrowlandBoutique #fashion";1;False;"https://maps.google.com/maps?q=None,None&ll=None,None";TML by Tomorrowland;46016;639;False
669;tomorrowland_20151003175704;tomorrowland;2015-10-03 17:57:04;Crossing the One World bridge at Tomorrowland;1;False;;;65189;437;False
670;tomorrowland_20151005085219;tomorrowland;2015-10-05 08:52:19;Ticket sale is NOW open for the world premiere of „THIS WAS TOMORROW” on November 26th in the Antwerp Sportpaleis. The Tomorrowland motion picture will be shown in a beautiful setting and enhanced with an amazing special effects show. Expect a full evening program: 'The Symphony of Unity' by the National Orchestra of Belgium, the world premiere of This Was Tomorrow and lots of unexpected Tomorrowland surprises. Info & tickets: tomorrowland.com - Global Release: December 1st 2015;1;False;;;39193;512;False
671;tomorrowland_20151005142003;tomorrowland;2015-10-05 14:20:03;Bubble girl. #Tomorrowland;1;False;;;37051;178;False
672;tomorrowland_20151006145155;tomorrowland;2015-10-06 14:51:55;Remember the Magic of Melodia. #Tomorrowland;1;False;;;39236;85;False
673;tomorrowland_20151007100100;tomorrowland;2015-10-07 10:01:00;A magical impression... The LEAF stage at #Tomorrowland.;1;False;;;62245;226;False
674;tomorrowland_20151007141213;tomorrowland;2015-10-07 14:12:13;Flower lantern. #Tomorrowland;1;False;;;40586;83;False
675;tomorrowland_20151009124152;tomorrowland;2015-10-09 12:41:52;Inside the Tomorrowland Boutique (Antwerp, Belgium). Discover the Tomorrowland fashion collection at the Tomorrowland Boutique or shop online --> Click link in bio. #Tomorrowland #TomorrowlandBoutique #fashion;1;False;"https://maps.google.com/maps?q=None,None&ll=None,None";TML by Tomorrowland;53718;134;False
676;tomorrowland_20151010071355;tomorrowland;2015-10-10 07:13:55;Today is a good day. #Tomorrowland;1;False;;;52268;119;False
677;tomorrowland_20151012182058;tomorrowland;2015-10-12 18:20:58;"Winter is coming... - Sweater ""Red Wood"" (women). Discover the Tomorrowland fashion collection at the Tomorrowland Boutique or shop online --> Click link in bio. #Tomorrowland #TomorrowlandBoutique #fashion #ootd";1;False;"https://maps.google.com/maps?q=None,None&ll=None,None";TML by Tomorrowland;38678;94;False
678;tomorrowland_20151012200347;tomorrowland;2015-10-12 20:03:47;"""Life is the dancer and you are the dance."" - Eckhart Tolle";1;False;;;59361;218;False
679;tomorrowland_20151013090508;tomorrowland;2015-10-13 09:05:08;TML Black & Gold cap. Discover the Tomorrowland fashion collection at the Tomorrowland Boutique or shop online --> Click link in bio #TomorrowlandBoutique #Tomorrowland #fashion;1;False;"https://maps.google.com/maps?q=None,None&ll=None,None";TML by Tomorrowland;38692;96;False
680;tomorrowland_20151013140545;tomorrowland;2015-10-13 14:05:45;The castle of Melodia. #Tomorrowland #fairytale #Melodia;1;False;;;52702;235;False
681;tomorrowland_20151013143739;tomorrowland;2015-10-13 14:37:39;"Discover the #Tomorrowland FW2015 leather collection. Keychains/bracelets/belts, made with love in Italy. Only available in the Tomorrowland Boutique. #TomorrowlandBoutique #fashion";1;False;"https://maps.google.com/maps?q=None,None&ll=None,None";TML by Tomorrowland;48727;474;False
682;tomorrowland_20151014101334;tomorrowland;2015-10-14 10:13:34;Featured items: Sweater Black (men), Writing History Boatneck Tee (women), Basic Tee (men). Available at the Tomorrowland Boutique and online (click link in bio) ‪#‎TomorrowlandBoutique‬ #Tomorrowland #fashion #ootd #potd;1;False;;;38497;78;False
683;tomorrowland_20151014161455;tomorrowland;2015-10-14 16:14:55;A sacred moment at the Wind Stage. #Tomorrowland;1;False;;;46812;123;False
684;tomorrowland_20151020141906;tomorrowland;2015-10-20 14:19:06;"During the World Premiere of ""This Was Tomorrow"", the Motion Picture of a wonderful year, the Belgian National Orchestra will bring you ""The Symphony Of Unity"". Expect exclusive new tracks and many more surprises... More info and tickets: www.tomorrowland.com";1;False;;;48493;178;False
685;tomorrowland_20151023160604;tomorrowland;2015-10-23 16:06:04;It all starts with a dream. #Tomorrowland;1;False;;;42246;178;False
686;tomorrowland_20151024142456;tomorrowland;2015-10-24 14:24:56;Relive the last hour of Sven Väth his vinyl only set at the Cocoon stage on youtube.com/Tomorrowland;1;False;"https://maps.google.com/maps?q=51.0859304824,4.383791441&ll=51.0859304824,4.383791441";Tomorrowland;42914;495;True
687;tomorrowland_20151026174951;tomorrowland;2015-10-26 17:49:51;The Garden of Madness by night. #Tomorrowland;1;False;;;53243;198;False
688;tomorrowland_20151028150517;tomorrowland;2015-10-28 15:05:17;@BobSinclar taking over the decks from @FeddeLeGrand at the Garden of Madness. #Tomorrowland;1;False;;;41911;105;False
689;tomorrowland_20151029174705;tomorrowland;2015-10-29 17:47:05;Magical moments at the Flower Stage... #Tomorrowland;1;False;;;43117;132;False
690;tomorrowland_20151030163924;tomorrowland;2015-10-30 16:39:24;#HigherPlace is @bbcradio1's Track Of The Day. #TOTD @dimitrivegasandlikemike;1;False;;;36057;196;False
691;tomorrowland_20151102155852;tomorrowland;2015-11-02 15:58:52;Raise your hands.... #Tomorrowland;1;False;;;49200;242;False
692;tomorrowland_20151103140812;tomorrowland;2015-11-03 14:08:12;"In less than a month the Tomorrowland movie ""This Was Tomorrow"" will be released. Discover how @ArminvanBuurenofficial amongst other People of Tomorrow reflects on Tomorrowland...";1;False;;;29274;223;False
693;tomorrowland_20151104174657;tomorrowland;2015-11-04 17:46:57;The LEAF stage at night... #Tomorrowland;1;False;;;48412;148;False
694;tomorrowland_20151105142546;tomorrowland;2015-11-05 14:25:46;"""This Was Tomorrow”, the movie of a magnificent year. A worldwide gift, available from December 1st on www.tomorrowland.com";1;False;;;48456;565;False
695;tomorrowland_20151106150817;tomorrowland;2015-11-06 15:08:17;The official People of Tomorrow flag being carried by YOU, the true People of Tomorrow. #Tomorrowland #peopleoftomorrow;1;False;;;52696;255;False
696;tomorrowland_20151109192714;tomorrowland;2015-11-09 19:27:14;Magical vibes at the Opera. #Tomorrowland #techno;1;False;;;57468;200;False
697;tomorrowland_20151110162156;tomorrowland;2015-11-10 16:21:56;#peopleoftomorrow #bubbles #tomorrowland;1;False;;;54855;295;False
698;tomorrowland_20151111180449;tomorrowland;2015-11-11 18:04:49;Within 20 days, „This Was Tomorrow” - The 2015 movie will be available for the world to see... #ThisWasTomorrow;1;False;;;35155;546;False
699;tomorrowland_20151112143249;tomorrowland;2015-11-12 14:32:49;"Congratulations @lostfrequenciesmusic for being nominated on 3 #RBEA15 awards.Bring out your vote on www.lostfrequencies.com/vote";1;False;;;50566;104;False
700;tomorrowland_20151113181636;tomorrowland;2015-11-13 18:16:36;Music makes life colorful... #Tomorrowland;1;False;;;46083;116;False
701;tomorrowland_20151116154116;tomorrowland;2015-11-16 15:41:16;"The movie ""This Was Tomorrow"" will be released in less than 15 days on Tomorrowland.com. Invite your friends to relive these magical memories together...";1;False;;;45621;1066;False
702;tomorrowland_20151117151148;tomorrowland;2015-11-17 15:11:48;The Tomorrowland 2015 3D Book will be available soon. Discover magical stories, exclusive 3D pictures and much more... #Tomorrowland;1;False;;;34824;319;False
703;tomorrowland_20151118171652;tomorrowland;2015-11-18 17:16:52;People of Tomorrow, in 2016 We Unite on July 22 – 23 – 24;1;False;;;51033;2741;False
704;tomorrowland_20151119130311;tomorrowland;2015-11-19 13:03:11;This is your chance! In one week, the This Was Tomorrow Movie will premiere in Antwerp (Belgium), and you can be part of it. Share your most magical moment of 2015, use #ThisWasTomorrow and be one of the five duo’s who can come to this magical event. Flights by @BrusselsAirlines and 1 night in an hotel included.;1;False;;;34104;222;False
705;tomorrowland_20151120152305;tomorrowland;2015-11-20 15:23:05;"@steveaoki in ""This Was Tomorrow"": ""The whole world is here."" Get ready for the Global Release on December 1.";1;False;;;29486;181;True
706;tomorrowland_20151121162651;tomorrowland;2015-11-21 16:26:51;Only 10 more days until the Global Release... #thiswastomorrow;1;False;;;35525;371;False
707;tomorrowland_20151121184853;tomorrowland;2015-11-21 18:48:53;"Friends, tomorrow is your final chance. This Thursday, ""This Was Tomorrow"" the movie will premiere in Antwerp (Belgium), and you can be part of it. Share your most magical moment of 2015, use #ThisWasTomorrow and be one of the five duo’s who can come to this magical event. (Flights by @BrusselsAirlines and 1 night in an hotel included)";1;False;;;31683;171;False
708;tomorrowland_20151124150824;tomorrowland;2015-11-24 15:08:24;One more week... Are you looking forward to this magnificent experience?;1;False;;;44894;801;False
709;tomorrowland_20151125143733;tomorrowland;2015-11-25 14:37:33;A powerful impression of Sven Väth's Tomorrowland set. #Tomorrowland #Cocoon #Techno;1;False;;;32808;403;True
710;tomorrowland_20151127151659;tomorrowland;2015-11-27 15:16:59;"An impression of the world premiere of ""This Was Tomorrow"" last night in Belgium. Global Release on December 1st on www.tomorrowland.com";1;False;;;48978;207;False
711;tomorrowland_20151128140206;tomorrowland;2015-11-28 14:02:06;"In 3 days, a magnificent tale will be unveiled... Get ready for ""This Was Tomorrow"" - The Tomorrowland Movie.";1;False;;;34683;438;False
712;tomorrowland_20151129120209;tomorrowland;2015-11-29 12:02:09;2 more days... #ThisWasTomorrow;1;False;;;37268;417;False
713;tomorrowland_20151130140544;tomorrowland;2015-11-30 14:05:44;Tomorrow at 3PM CET, The Tomorrowland 2015 Movie will be unveiled at tomorrowland.com... Prepare for a magnificent story.;1;False;;;40149;669;False
714;tomorrowland_20151130195240;tomorrowland;2015-11-30 19:52:40;Happy Birthday Steve Aoki;1;False;;;52228;345;False
715;tomorrowland_20151201140219;tomorrowland;2015-12-01 14:02:19;Watch the “This Was Tomorrow” movie now and discover the story of a magnificent year on www.tomorrowland.com #ThisWasTomorrow;1;False;;;34631;554;False
716;tomorrowland_20151202112851;tomorrowland;2015-12-02 11:28:51;Happy Birthday Like Mike;1;False;;;54190;507;False
717;tomorrowland_20151203143120;tomorrowland;2015-12-03 14:31:20;"""Tomorrowland is not just a music festival..."" Discover the full This Was Tomorrow Movie on www.tomorrowland.com #ThisWasTomorrow";1;False;;;43958;992;True
718;tomorrowland_20151204150510;tomorrowland;2015-12-04 15:05:10;"Get ready for the weekend and discover the ""This Was Tomorrow"" Movie now at Tomorrowland.com";1;False;;;54969;349;False
719;tomorrowland_20151205224652;tomorrowland;2015-12-05 22:46:52;"What's your favorite song in the soundtrack of ""This Was Tomorrow""? Discover the full movie on www.tomorrowland.com";1;False;;;44568;338;False
720;tomorrowland_20151207170315;tomorrowland;2015-12-07 17:03:15;"Only one more week to discover the ""This Was Tomorrow"" Movie. A story of a magnificent year... Available till December 14th on www.tomorrowland.com #ThisWasTomorrow";1;False;;;48040;229;False
721;tomorrowland_20151208150143;tomorrowland;2015-12-08 15:01:43;"""This Was Tomorrow"" - The movie of a magnificent year. Discover the full movie at www.tomorrowland.com till December 14th.";1;False;;;41690;769;True
722;tomorrowland_20151209173215;tomorrowland;2015-12-09 17:32:15;"Love... Discover more beautiful stories in the ""This Was Tomorrow"" Movie on www.tomorrowland.com #ThisWasTomorrow";1;False;;;55995;673;False
723;tomorrowland_20151210153203;tomorrowland;2015-12-10 15:32:03;#Tomorrowland;1;False;;;64945;579;False
724;tomorrowland_20151212150206;tomorrowland;2015-12-12 15:02:06;3 Days left to watch This Was Tomorrow, the movie.;1;False;;;33936;247;False
725;tomorrowland_20151213114322;tomorrowland;2015-12-13 11:43:22;2 Days left to watch This Was Tomorrow, the movie.;1;False;;;37766;364;False
726;tomorrowland_20151214110626;tomorrowland;2015-12-14 11:06:26;Friends, today is the final day to watch This Was Tomorrow, the movie on www.tomorrowland.com.;1;False;;;35356;375;False
727;tomorrowland_20151215171958;tomorrowland;2015-12-15 17:19:58;The LEAF stage at night. #Tomorrowland;1;False;;;48856;197;False
728;tomorrowland_20151216140227;tomorrowland;2015-12-16 14:02:27;Discover the most magical Tomorrowland Holiday gifts in the online store and enjoy 15% discount till December 24th. http://store.tomorrowland.com;1;False;;;27963;119;False
729;tomorrowland_20151217220219;tomorrowland;2015-12-17 22:02:19;"This Saturday, ""Bringing The Madness 3.0"" the show from Dimitri Vegas & Like Mike will be broadcasted LIVE. Tune in on http://bringingthemadness.com";1;False;;;33687;580;True
730;tomorrowland_20151218143223;tomorrowland;2015-12-18 14:32:23;Happy Birthday @Axwell...;1;False;;;46724;191;False
731;tomorrowland_20151218145645;tomorrowland;2015-12-18 14:56:45;@quintinoo and Tomorrowland resident @yves_v teamed up for 'Unbroken'. Grab your copy now on Beatport.;1;False;;;28429;137;True
732;tomorrowland_20151219204658;tomorrowland;2015-12-19 20:46:58;"Tune in now and watch the livestream of @DimitriVegasandLikeMike's ""Bringing The Madness 3.0"" www.bringingthemadness.com";1;False;;;25872;139;False
733;tomorrowland_20151221170207;tomorrowland;2015-12-21 17:02:07;Last days to secure your most magical Tomorrowland X-mas Gifts. http://boutique.tomorrowland.com;1;False;;;36589;55;False
734;tomorrowland_20151221180507;tomorrowland;2015-12-21 18:05:07;Enter your own reality. #Tomorrowland;1;False;;;55401;354;False
735;tomorrowland_20151222094943;tomorrowland;2015-12-22 09:49:43;Last days to secure your most magical #Tomorrowland X-mas Gifts. http://bit.ly/TMLBoutique www.tomorrowland.com;1;False;;;31876;191;False
736;tomorrowland_20151222110655;tomorrowland;2015-12-22 11:06:55;Last days to secure your most magical #Tomorrowland X-mas Gifts. Link in bio.;1;False;;;33360;36;False
737;tomorrowland_20151222171657;tomorrowland;2015-12-22 17:16:57;Crossing the One World bridge at #Tomorrowland;1;False;;;51816;297;False
738;tomorrowland_20151222173202;tomorrowland;2015-12-22 17:32:02;Last days to secure your most magical #Tomorrowland X-mas Gifts. Link in bio.;1;False;;;31184;144;False
739;tomorrowland_20151222190204;tomorrowland;2015-12-22 19:02:04;Last days to secure your most magical #Tomorrowland X-mas Gifts. Link in bio.;1;False;;;32223;142;False
740;tomorrowland_20151225110100;tomorrowland;2015-12-25 11:01:00;Happy birthday, Armin van Buuren!;1;False;;;55641;296;False
741;tomorrowland_20151226184149;tomorrowland;2015-12-26 18:41:49;The vibe of the harder styles at #Tomorrowland.;1;False;;;57761;451;False
742;tomorrowland_20151228201454;tomorrowland;2015-12-28 20:14:54;Light up the sky... #Tomorrowland;1;False;;;60265;803;False
743;tomorrowland_20151229201908;tomorrowland;2015-12-29 20:19:08;Inside the Garden Of Madness.;1;False;;;52284;269;False
744;tomorrowland_20151231225854;tomorrowland;2015-12-31 22:58:54;Live Today, Love Tomorrow, Unite Forever.;1;False;;;37356;200;False
